{"cameraMode":{"drawMode":0,"name":"Shaded","section":"Shading Mode"},"sceneLighting":true,"audioPlay":false,"sceneViewState":{"m_AlwaysRefresh":true,"showFog":true,"showSkybox":false,"showFlares":true,"showImageEffects":true,"showParticleSystems":true,"showVisualEffectGraphs":true,"m_FxEnabled":true},"in2DMode":false,"pivot":{"x":-11.876351356506348,"y":4.241513729095459,"z":-3.522986888885498},"rotation":{"x":0.17537350952625276,"y":-0.035435695201158527,"z":0.006304787006229162,"w":0.9838546514511108},"size":9.89048957824707,"orthographic":false}